date,title,text,source_name,sentiment,type,tickers
2020-10-01,"Senate committee votes to subpoena CEOs of Facebook, Google and Twitter to testify","The Senate Commerce Committee Thursday voted on a bipartisan basis to subpoena the CEOs of Facebook, Google and Twitter to testify.",CNBC,Neutral,Article,"['FB', 'GOOG', 'GOOGL', 'TWTR']"
2020-10-01,Big Tech stocks close out a 'nightmare' September,"September has been a tough month for traders overall, but a perfect storm left big tech stocks, a sector that normally leads the market, with losses. ",CNBC,Negative,Article,"['AAPL', 'AMZN', 'FB', 'GOOG', 'GOOGL', 'MSFT', 'NFLX', 'TSLA']"
2020-10-01,Google to pay news publishers $1 billion over next three years,The money will compensate publishers for content for Google's new news app.,CNET,Neutral,Article,"['GOOG', 'GOOGL']"
2020-10-01,Google will pay publishers $1 billion to quell claims of unfairly profiting from their content,The search giant has come under increasing pressure from publishers and regulators in recent years about the way it profits from the work publishers do. Google has announced a new initiative called Google News Showcase that will pay select publishers for content the showcase is populated with.,Fast Company,Neutral,Article,"['GOOG', 'GOOGL']"
2020-10-01,Google says it will pay publishers $1 billion for news in next three years,Google CEO Sundar Pichai has promised to pay news publishers $1 billion over the next three years. ,CNBC,Positive,Article,"['GOOG', 'GOOGL']"
2020-10-01,Google to pay out $1B to publishers to license content for new Google News Showcase,"Google has long had a frenemy position with the world of news: it can direct a lot of traffic to online publishers, but that’s only if people bother to click on links after getting the gist of the story from Google itself  (and that’s before considering the AMP approach on mobile that keeps users on […]",TechCrunch,Neutral,Article,"['GOOG', 'GOOGL']"
2020-10-01,Google to pay publishers $1 billion over three years for their content,"Alphabet's Google plans to pay $1 billion to publishers globally for their content over the next three years, its CEO said on Thursday, a move that could help it win over a powerful group amid heightened regulatory scrutiny worldwide.",Reuters,Positive,Article,"['GOOG', 'GOOGL']"
2020-10-01,Google agrees to pay news publishers more than $1 billion,Google will pay publishers more than $1 billion over the next three years through a new program for licensing news.,CNN Business,Neutral,Article,"['GOOG', 'GOOGL']"
2020-10-01,Google reveals new 5G Pixel smartphone with cheaper price tag and gaming offering,"Google has unveiled its Pixel 5 smartphone - a 5G-compatible flagship device with a more affordable price tag - and an updated Nest smart speaker, alongside new services including Google TV.",Skynews,Neutral,Article,"['GOOG', 'GOOGL']"
2020-09-30,Google Launch Night In Recap,"The company takes the wraps off the Pixel 5, Nest Audio and a new Chromecast at its big fall hardware event.",TechCrunch,Neutral,Video,"['GOOG', 'GOOGL']"
2020-09-30,"Google Unveils New Chromecast, Pixel Phones And Smart Speaker",Google unveiled several upgrades to its devices during a presentation Wednesday. Google TV and Chromecast: Google (NASDAQ: GOOG)(NASDAQ: GOOGL) unveiled an all new Chromecast.,Benzinga,Positive,Article,"['GOOG', 'GOOGL']"
2020-09-30,Google eliminates face scanner from its new Pixel 5 smartphone,"Google has abandoned the face scanner on its flagship Pixel smartphone — just a year after introducing it with fanfare. The search giant announced two new 5G Pixel phones at its annual hardware event, a bite-sized keynote that lasted just 30 minutes, both of which featured fingerprint sensors in lieu of the sensors it introduced.",New York Post,Neutral,Article,"['GOOG', 'GOOGL']"
2020-09-30,Google Unveils $699 Pixel 5 With 5G,Google’s flagship Android device comes with an ultrawide camera and reverse wireless charging.,Forbes,Neutral,Article,"['GOOG', 'GOOGL']"
2020-09-30,"Possible China Probe, DOJ Case, Adds To String Of Antitrust Actions Against Google",Google may face antitrust action both from both China and the U.S. DOJ next month.,Forbes,Negative,Article,"['GOOG', 'GOOGL']"
2020-09-30,"Everything Google Announced Including Pixel 4A 5G, Pixel 5, Google TV, Chromecast, Nest Audio",Google released a googolplex of new consumer hardware and software services today. Here’s a rundown.,Forbes,Neutral,Article,"['GOOG', 'GOOGL']"
2020-09-30,"Google unveils Pixel 5, Chromecast and Nest Audio smart speaker",New Chromecast with Google TV alongside Pixel 5 and Pixel 4a 5G smartphones,The Guardian,Neutral,Article,"['GOOG', 'GOOGL']"
2020-09-30,Google Pixel 5 Event in 6 minutes,"The Google Pixel 5 event wasn't long at just 30 minutes, but it was packed with product announcements. The company debuted the Pixel 5, the Pixel 4A 5G, a new Chromecast with the Google TV interface, and the Nest Audio speaker. If you didn't have time to watch or want to watch it again, check out our supercut of the biggest moments.",The Verge,Neutral,Video,"['GOOG', 'GOOGL']"
2020-09-30,"Google introduces new Pixel 5 smartphone, Chromecast, Nest speaker","Alphabet Inc.’s Google refreshed its product line Wednesday with new smartphones, a Chromecast laptop, and a new Nest speaker.",Market Watch,Neutral,Article,"['GOOG', 'GOOGL']"
2020-09-30,"Pixel 5 and 4a 5g get the same, improved cameras with rear ultrawide lens, Night Sight portraits and more","Google made its newest smartphones official today, unveiling the much-leaked Pixel 4a 5g and Pixel 5. Both smartphones will get the same, improved cameras, despite a $200 price different between the models, which is great news for people who are specifically coming to Google for their excellent mobile camera tech.",TechCrunch,Neutral,Article,"['GOOG', 'GOOGL']"
2020-09-30,House Judiciary Committee could release big tech antitrust report next week,"The House Judiciary Committee’s antitrust panel could release its report on antitrust allegations against four of the country’s largest tech juggernauts by next week. The committee has been investigating Apple, Amazon, Facebook and Google to see whether their business practices hurt smaller rivals.",New York Post,Neutral,Article,"['AAPL', 'AMZN', 'FB', 'GOOG', 'GOOGL']"
2020-09-30,Pixel 5 and Pixel 4A 5G! Full reveal with price,Google debuts the new Pixel 4A 5G and Pixel 5 at its Google Launch Night In event. The new 4 5G phone will retail for $499 and the Pixel 5 is $699.,CNET,Neutral,Video,"['GOOG', 'GOOGL']"
2020-09-30,Google unveils the $99 Nest Audio smart speaker,"Four years after the introduction of Google Home, Google showcased its successor to the company’s mid-range smart speaker. In keeping with the broader rebranding of the company’s smart home products, the device is now called Nest Audio.",TechCrunch,Neutral,Article,"['GOOG', 'GOOGL']"
2020-09-30,Google launches the $499 Pixel 4a 5G,"As expected, Google today announced the 5G version of its Pixel 4a phone at its annual hardware event. Given all the previous leaks, there were no real surprises left and Google had already announced the $499 price.",TechCrunch,Neutral,Article,"['GOOG', 'GOOGL']"
2020-09-30,Google is finally ready to fight Roku and Amazon in the streaming wars,"Google has rebooted its TV plans yet again with a new Chromecast. This time around, the results look more promising.",Fast Company,Neutral,Article,"['AMZN', 'GOOG', 'GOOGL', 'ROKU']"
2020-09-30,Google’s Pixel 5 get reverse wireless charging and 5G for $699,"Here it is, the centerpiece of this morning’s confusing-titled Launch Night In. The Pixel 5 is Google’s latest mobile flagship.",TechCrunch,Neutral,Article,"['GOOG', 'GOOGL']"
2020-09-30,"Alphabet Inc's Google launches Google TV, new Chromecast","Alphabet Inc's Google on Wednesday launched Google TV, which would show content from popular streaming services including Netflix Inc and Walt Disney Co's Disney+.",Reuters,Positive,Article,"['GOOG', 'GOOGL']"
2020-09-30,The new Chromecast adds a remote and the new Google TV interface for $49,"It’s been a while since Google gave its Chromecast line a proper bit of love — perhaps not surprising for a fairly mature device now marking its seventh year. At today’s big Launch Night In event, however, the company’s bringing the popular TV dongle a much-needed refresh by way of Chromecast with Google TV.",TechCrunch,Neutral,Article,"['GOOG', 'GOOGL']"
2020-09-30,Google's new Nest Audio smart speaker is here,Google's Nest Audio smart speaker replaces the original Google Home with improved sound and new looks.,CNET,Neutral,Article,"['GOOG', 'GOOGL']"
2020-09-30,Google announces Pixel 5 and Pixel 4a 5G,Google is expected to announce several new gadgets at its annual hardware event on Wednesday.,CNBC,Neutral,Article,"['GOOG', 'GOOGL']"
2020-09-30,"Chromecast revamps the Google TV-streaming dongle, its biggest update in years","The most-leaked device of Google's event Wednesday, the new Chromecast was widely expected to cost $50 and add a remote and a legit new interface called Google TV.",CNET,Neutral,Article,"['GOOG', 'GOOGL']"
2020-09-30,Alphabet really wants to acquire Fitbit,"Google and its parent company Alphabet Inc (NASDAQ: GOOG) offered new concessions to European regulators so it can close its pending acquisition of health-tracker and smartwatch maker Fitbit Inc (NYSE: FIT), The Wall Street Journal reported.",Invezz,Neutral,Article,"['FIT', 'GOOG', 'GOOGL']"
2020-09-30,"Chromecast with Google TV, Nest Audio and Pixel 5: Watch Google's event live","Google unveils the Pixel 5 phone, an improved Chromecast and other new products at today's virtual launch.",CNET,Positive,Article,"['GOOG', 'GOOGL']"
2020-09-30,"DOJ expected to file suit against Google, plus what to expect from Google's Pixel 5 launch","Yahoo Finance’s Alexis Christoforous, Brian Sozzi, and Dan Howley discuss the DOJ's suit against Google, and what to expect from Google’s Pixel 5 launch event. #GooglePixel5 #DOJGoogle Subscribe to Yahoo Finance: https://yhoo.it/2fGu5Bb About Yahoo Finance: At Yahoo Finance, you get free stock quotes, up-to-date news, portfolio management resources, international market data, social interaction and mortgage rates that help you manage your financial life.",Yahoo Finance,Negative,Video,"['GOOG', 'GOOGL']"
2020-09-30,China reportedly mulling antitrust probe into Google,"Google is reportedly staring down the barrel of an antitrust probe from China. Beijing is investigating whether Google leveraged the dominance of its Android operating system for smartphones to stifle competition, according to Reuters.",New York Post,Negative,Article,"['GOOG', 'GOOGL']"
2020-09-30,Google Is Reportedly About to Clinch Its Fitbit Acquisition,The search giant may have been able to appease European regulators.,The Motley Fool,Positive,Article,"['FIT', 'GOOG', 'GOOGL']"
2020-09-30,Europe eyeing limits on how big tech can use data and bundle apps — reports,European lawmakers are considering new rules for Internet giants that could include forcing them to share data with smaller rivals and/or put narrow limits on how they can use data in a bid to level the digital playing field.,TechCrunch,Neutral,Article,"['AMZN', 'FB', 'GOOG', 'GOOGL']"
2020-09-30,China reportedly readying antitrust probe into Google after Huawei prompt,"The country's relationship with the US may affect the decision, according to Reuters.",CNET,Negative,Article,"['GOOG', 'GOOGL']"
2020-09-30,China to Open Antitrust Probe Into Google's Android OS,Investigation is seen as a response to the U.S.'s crackdown on Chinese tech companies.,The Motley Fool,Negative,Article,"['GOOG', 'GOOGL']"
2020-09-30,Google Is Stoking Antitrust Criticisms at the Worst Possible Time,The search giant is demanding its cut from a small number of high-profile developers.,The Motley Fool,Negative,Article,"['GOOG', 'GOOGL']"
2020-09-30,"U.S. tech giants face curbs on data sharing, digital marketplaces, under draft EU rules","Alphabet unit Google, Facebook, Amazon, Apple and other U.S. tech giants could be banned from favouring their services or forcing users to sign up to a bundle of services under draft EU rules aimed at reining in their power.",Reuters,Negative,Article,"['AAPL', 'AMZN', 'FB', 'GOOG', 'GOOGL']"
2020-09-30,Exclusive: China preparing an antitrust investigation into Google - sources,"China is preparing to launch an antitrust probe into Alphabet Inc's Google, looking into allegations it has leveraged the dominance of its Android mobile operating system to stifle competition, two people familiar with the matter said.",Reuters,Negative,Article,"['GOOG', 'GOOGL']"
2020-09-29,U.S. House Judiciary antitrust report likely to come out as soon as Monday October 5 - source,The U.S. House of Representatives Judiciary Committee's antitrust subcommittee is expected to release a much anticipated report into antitrust allegations,Reuters,Neutral,Article,"['AAPL', 'AMZN', 'FB', 'GOOG', 'GOOGL']"
2020-09-29,U.S. expected to sue Google next week as DOJ seeks support from states,"The U.S. Justice Department is expected to sue Alphabet's Google as soon as next week, and is currently urging state attorneys general to sign onto the lawsuit, according to three sources familiar with the process.",Reuters,Negative,Article,"['GOOG', 'GOOGL']"
2020-09-29,Report: Google's $2.1 Billion Fitbit Deal Is Close to Approval In Europe,The tech giant is adding more guarantees of fair competition in an effort to clear regulatory hurdles.,The Motley Fool,Neutral,Article,"['FIT', 'GOOG', 'GOOGL']"
2020-09-29,"Ad exec Martin Sorrell says Facebook and Google shouldn't be broken up, boycotts pointless",Famed advertising executive Martin Sorrell told CNBC that Google and Facebook have been exercising more responsibility and shouldn't be broken up by regulators.,CNBC,Neutral,Article,"['FB', 'GOOG', 'GOOGL']"
2020-09-29,"Tech trade is where the play is now, and for the next three years: Kevin O'Leary","CNBC's ""Halftime Report"" team discusses the possibility of a technology rebound and how they are investing in the market ahead of the election.",CNBC Television,Positive,Video,"['AAPL', 'AMZN', 'FB', 'GOOG', 'GOOGL', 'NFLX', 'XLK']"
2020-09-29,These are some of the biggest losers since S&P 500's record high,Traders Delano Saporu and Nancy Tengler go bargain hunting among the biggest losers as the S&P 500 bounces back from four weeks of losses.,CNBC,Negative,Article,"['C', 'GOOG', 'GOOGL', 'HAL', 'KHC', 'WYNN']"
2020-09-29,Better Buy: Netflix vs. Alphabet,Which FAANG stock will generate bigger returns?,The Motley Fool,Neutral,Article,"['GOOG', 'GOOGL', 'NFLX']"
2020-09-29,Google's $310 million sexual harassment settlement aims to set new industry standards,The company's settlement terms show gaps in the company's structure when it came to sexual harassment and retaliation.,CNBC,Negative,Article,"['GOOG', 'GOOGL']"
2020-09-29,Google's smaller rivals say it's not playing fair after record EU antitrust fine,"Google's latest Android ""choice screen"" auction results show Microsoft's Bing was the main winner across most major European markets.",CNBC,Negative,Article,"['GOOG', 'GOOGL']"
